workload,variant,samples,process_median_seconds,process_min_seconds,process_max_seconds,process_iqr_seconds,query_median_seconds,bytes_requested,blocks_skipped
ESZ26/day/bars/1h,column,7,1.5072871000156738,1.4882178999832831,1.5598336000111885,0.029738749988609925,1.4793077,410781160,0
ESZ26/day/bars/1h,duckdb,7,0.5514786000130698,0.5315143999760039,0.581769400043413,0.010928950039669871,0.23977359995478764,,
ESZ26/day/bars/1h,pruned,7,0.1952879999880679,0.19057380000595003,0.2112788999802433,0.01338909997139126,0.17863,40026736,248
ESZ26/day/bars/1h,row,7,2.7325287999701686,2.7020107000134885,2.7765670999651775,0.002691500005312264,2.716209,821401552,0
ESZ26/day/bars/1m,column,7,1.5182088000001386,1.489093000011053,1.6480049000238068,0.04368785000406206,1.5011515,410781160,0
ESZ26/day/bars/1m,duckdb,7,0.5692324999836273,0.5598205999704078,0.6108829999575391,0.021338399994419888,0.2615164000308141,,
ESZ26/day/bars/1m,pruned,7,0.20544150000205263,0.20237579999957234,0.21866430004592985,0.004290049953851849,0.1885108,40026736,248
ESZ26/day/bars/1m,row,7,2.7809959000442177,2.7236096000415273,2.9261908000335097,0.10245554998982698,2.7601979,821401552,0
ESZ26/day/flow/-,column,7,2.36914640001487,2.356524500006344,2.5554051999934018,0.10905744999763556,2.3531718,684571928,0
ESZ26/day/flow/-,duckdb,7,0.4062516000121832,0.3923810999840498,0.42071999999461696,0.011025800020433962,0.09718979999888688,,
ESZ26/day/flow/-,pruned,7,0.2850027999957092,0.27965010004118085,0.30392670002765954,0.007161700021242723,0.2670326,66647888,248
ESZ26/day/flow/-,row,7,2.8600279999664053,2.839401100005489,2.9365746999974363,0.05112850002478808,2.8420441,821401552,0
ESZ26/day/summary/-,column,7,1.487386199994944,1.4786366000189446,1.5153517000144348,0.015379250020487234,1.4703315,410781160,0
ESZ26/day/summary/-,duckdb,7,0.37429640005575493,0.3522664000047371,0.3851015000254847,0.015442450036061928,0.06256990000838414,,
ESZ26/day/summary/-,pruned,7,0.19142280000960454,0.1877231000107713,0.19958009995752946,0.004064499982632697,0.174037,40026736,248
ESZ26/day/summary/-,row,7,2.7220871000317857,2.7108795000240207,2.8505836999975145,0.0475861000304576,2.7049621,821401552,0
ESZ26/full/bars/1h,column,7,1.8716833000071347,1.8528580999700353,1.8981091000023298,0.026922999968519434,1.8567718,410781160,0
ESZ26/full/bars/1h,duckdb,7,2.710164899996016,2.673141100036446,2.7123660999932326,0.0037372499937191606,2.395603100012522,,
ESZ26/full/bars/1h,pruned,7,1.87031259998912,1.842580900003668,1.880573500005994,0.0017602999578230083,1.8469689,410781160,0
ESZ26/full/bars/1h,row,7,2.9641802000114694,2.9530427000136115,3.029745100007858,0.007716950058238581,2.9465923,821401552,0
ESZ26/full/bars/1m,column,7,2.092897299968172,2.0699706000159495,2.2031412000069395,0.05661990001681261,2.0642195,410781160,0
ESZ26/full/bars/1m,duckdb,7,3.0975567999994382,3.0815910999663174,3.1375599000020884,0.029020699992543086,2.7697995999478735,,
ESZ26/full/bars/1m,pruned,7,2.0858708000159822,2.066078500007279,2.144835199986119,0.02216084999963641,2.0639123,410781160,0
ESZ26/full/bars/1m,row,7,3.1865520999999717,3.1604893999756314,3.2643350000143982,0.04146064998349175,3.1661312,821401552,0
ESZ26/full/flow/-,column,7,2.736155199992936,2.726323599985335,3.100670400017407,0.02830020000692457,2.7170201,684571928,0
ESZ26/full/flow/-,duckdb,7,1.250813599966932,1.2127754000248387,1.3001703000045381,0.04053894997923635,0.9434618999948725,,
ESZ26/full/flow/-,pruned,7,2.739282499998808,2.716101099969819,2.7788928999798372,0.0367848000023514,2.7230208,684571928,0
ESZ26/full/flow/-,row,7,3.028086500009522,3.004916300007608,3.243342700006906,0.025137399992672727,3.0113892,821401552,0
ESZ26/full/summary/-,column,7,1.8377218000241555,1.8195925000472926,1.842844100028742,0.008334799989825115,1.8157478,410781160,0
ESZ26/full/summary/-,duckdb,7,0.9129756999900565,0.8791173999779858,0.971820899983868,0.030117649992462248,0.5947872000397183,,
ESZ26/full/summary/-,pruned,7,1.8354706999962218,1.8241130000096746,1.8781034999992698,0.016293049993691966,1.8203959,410781160,0
ESZ26/full/summary/-,row,7,2.9188205000245944,2.9068008000031114,2.9502977000083774,0.0060113500512670726,2.9018701,821401552,0
ESZ26/ten_minutes/bars/1h,column,7,1.460221100016497,1.4424626000109129,1.5018968000076711,0.015274400037014857,1.4433204,410781160,0
ESZ26/ten_minutes/bars/1h,duckdb,7,0.31980510003631935,0.3166653999942355,0.34812919999239966,0.0052339499816298485,0.013176199980080128,,
ESZ26/ten_minutes/bars/1h,pruned,7,0.03139570000348613,0.030458199966233224,0.0341484000091441,0.0007660499832127243,0.0158328,3240736,272
ESZ26/ten_minutes/bars/1h,row,7,2.7104804000118747,2.687011000001803,2.8740320000215434,0.046585200034314767,2.6937825,821401552,0
ESZ26/ten_minutes/bars/1m,column,7,1.452411700040102,1.4418510999530554,1.4722168000298552,0.021264800016069785,1.4370324,410781160,0
ESZ26/ten_minutes/bars/1m,duckdb,7,0.31682859995635226,0.30939609999768436,0.35250430001178756,0.015216350002447143,0.013388200022745878,,
ESZ26/ten_minutes/bars/1m,pruned,7,0.0326962000108324,0.02905999997165054,0.04476040002191439,0.005742449982790276,0.0160836,3240736,272
ESZ26/ten_minutes/bars/1m,row,7,2.699803600029554,2.6917155000264756,2.7416125999880023,0.013648799998918548,2.6845681,821401552,0
ESZ26/ten_minutes/flow/-,column,7,2.3559582000016235,2.3265848999726586,2.5689833000069484,0.11074935004580766,2.3313183,684571928,0
ESZ26/ten_minutes/flow/-,duckdb,7,0.3145671000238508,0.2947942999890074,0.3608224999625236,0.010333700018236414,0.008684000000357628,,
ESZ26/ten_minutes/flow/-,pruned,7,0.03944380005123094,0.03733029996510595,0.04419740004232153,0.0020928500161971897,0.0228843,5337888,272
ESZ26/ten_minutes/flow/-,row,7,2.8458009000169113,2.8316532999742776,2.981727199978195,0.01563809998333454,2.8306953,821401552,0
ESZ26/ten_minutes/summary/-,column,7,1.4643171000061557,1.4494238999905065,1.5268649000208825,0.02622514998074621,1.4485289,410781160,0
ESZ26/ten_minutes/summary/-,duckdb,7,0.31461669999407604,0.3085727000143379,0.32693250000011176,0.006232399988221005,0.006651200004853308,,
ESZ26/ten_minutes/summary/-,pruned,7,0.03306380001595244,0.03041280002798885,0.04622880002716556,0.005414849991211668,0.0156926,3240736,272
ESZ26/ten_minutes/summary/-,row,7,2.7064145000185817,2.6908582000178285,2.7698459000093862,0.05537980003282428,2.6900997,821401552,0
NQZ26/day/bars/1h,column,7,0.6555485000135377,0.6458352000336163,0.6679855000111274,0.004600349988322705,0.6395505,184659064,0
NQZ26/day/bars/1h,duckdb,7,0.41824989998713136,0.4006974000367336,0.4229918000055477,0.008335999998962507,0.11232330003986135,,
NQZ26/day/bars/1h,pruned,7,0.09624709998024628,0.09122820000629872,0.10443869995651767,0.0026986500015482306,0.0800437,17608504,119
NQZ26/day/bars/1h,row,7,1.2339609999908134,1.2307980000041425,1.2827984999748878,0.010855149972485378,1.2173623,369239728,0
NQZ26/day/bars/1m,column,7,0.6683083000243641,0.6665445999824442,0.674865500011947,0.003201950021320954,0.653333,184659064,0
NQZ26/day/bars/1m,duckdb,7,0.438851099985186,0.42913980002049357,0.4788043000153266,0.010278250032570213,0.13136180001311004,,
NQZ26/day/bars/1m,pruned,7,0.10892110003624111,0.10741630004486069,0.13657999999122694,0.0056813999835867435,0.0922303,17608504,119
NQZ26/day/bars/1m,row,7,1.2692904000286944,1.2436686999863014,1.2830309999990277,0.02428425001562573,1.2517993,369239728,0
NQZ26/day/flow/-,column,7,1.0821910999948159,1.0775401999708265,1.1257006999803707,0.02196340003865771,1.0638941,307733800,0
NQZ26/day/flow/-,duckdb,7,0.37300919997505844,0.33920250000664964,0.4192477000178769,0.016113199992105365,0.050793000031262636,,
NQZ26/day/flow/-,pruned,7,0.13821040000766516,0.13264930003788322,0.15082280000206083,0.010758049989817664,0.1200954,29316200,119
NQZ26/day/flow/-,row,7,1.302672000019811,1.2906567999743856,1.3700250000110827,0.03079444999457337,1.2883942,369239728,0
NQZ26/day/summary/-,column,7,0.6575038000009954,0.6513944000471383,0.6979352000053041,0.020598649978637695,0.6401456,184659064,0
NQZ26/day/summary/-,duckdb,7,0.34809189999941736,0.33041950000915676,0.4342647000448778,0.01756664999993518,0.03133259998867288,,
NQZ26/day/summary/-,pruned,7,0.0939739000168629,0.09302089997800067,0.10754190001171082,0.0021327999711502343,0.0784417,17608504,119
NQZ26/day/summary/-,row,7,1.239992999995593,1.2290015000035055,1.312351199972909,0.05502810000325553,1.2240243,369239728,0
NQZ26/full/bars/1h,column,7,0.8261342999758199,0.8241029999917373,0.9324234999949113,0.021873350022360682,0.8103979,184659064,0
NQZ26/full/bars/1h,duckdb,7,1.4208515000063926,1.392416900023818,1.472271799982991,0.03975764996721409,1.1127147999941371,,
NQZ26/full/bars/1h,pruned,7,0.8277710000402294,0.8064278000383638,0.886028399982024,0.038560350018087775,0.8098519,184659064,0
NQZ26/full/bars/1h,row,7,1.3513521999702789,1.3385947000351734,1.382626899983734,0.025152200018055737,1.3270553,369239728,0
NQZ26/full/bars/1m,column,7,1.0420941000338644,1.0353996999911033,1.0718128999578767,0.0030159500311128795,1.0193237,184659064,0
NQZ26/full/bars/1m,duckdb,7,1.7788143000216223,1.7650711000314914,1.9678731000167318,0.05708749999757856,1.4564894000068307,,
NQZ26/full/bars/1m,pruned,7,1.0489772000000812,1.0416403000126593,1.072174700035248,0.010899500019149855,1.0175467,184659064,0
NQZ26/full/bars/1m,row,7,1.5632875000010245,1.5600020000129007,1.5817535999813117,0.009843350009759888,1.5390072,369239728,0
NQZ26/full/flow/-,column,7,1.2501347999786958,1.2367669999948703,1.3154682999593206,0.017487450008047745,1.2342407,307733800,0
NQZ26/full/flow/-,duckdb,7,0.7643421000102535,0.7441048999899067,0.791598400042858,0.02763864997541532,0.45845599996391684,,
NQZ26/full/flow/-,pruned,7,1.2461210999754258,1.2416221000021324,1.257792199961841,0.010303899995051324,1.2273277,307733800,0
NQZ26/full/flow/-,row,7,1.3773757999879308,1.3730713999830186,1.4497963999747299,0.007563399994978681,1.3592022,369239728,0
NQZ26/full/summary/-,column,7,0.8213893999927677,0.8054298000060953,0.8430430999724194,0.01822360002552159,0.7999974,184659064,0
NQZ26/full/summary/-,duckdb,7,0.5840628999867477,0.5788196999928914,0.6035894000087865,0.003715349972480908,0.27460569998947904,,
NQZ26/full/summary/-,pruned,7,0.8153960999916308,0.8032866999856196,0.8274115999811329,0.009680399991339073,0.7930099,184659064,0
NQZ26/full/summary/-,row,7,1.3267774999840185,1.3208125999663025,1.408611400052905,0.009255349985323846,1.3086987,369239728,0
NQZ26/ten_minutes/bars/1h,column,7,0.6416122000082396,0.6323204999789596,0.7038751000072807,0.022106699994765222,0.6216355,184659064,0
NQZ26/ten_minutes/bars/1h,duckdb,7,0.3239212000044063,0.3128166000242345,0.35716169996885583,0.013443200034089386,0.009696000022813678,,
NQZ26/ten_minutes/bars/1h,pruned,7,0.032201699970755726,0.02907479996792972,0.03874540003016591,0.005740799999330193,0.0149532,3192688,129
NQZ26/ten_minutes/bars/1h,row,7,1.2242864000145346,1.214590399991721,1.2673797000315972,0.035659899993333966,1.2063422,369239728,0
NQZ26/ten_minutes/bars/1m,column,7,0.6449348000460304,0.6350913000060245,0.677889899990987,0.020457399979932234,0.6262991,184659064,0
NQZ26/ten_minutes/bars/1m,duckdb,7,0.32355839997762814,0.31454089999897406,0.3654188999789767,0.010777549992781132,0.010319599998183548,,
NQZ26/ten_minutes/bars/1m,pruned,7,0.03183870000066236,0.029889400000683963,0.032950100023299456,0.002088650013320148,0.0148466,3192688,129
NQZ26/ten_minutes/bars/1m,row,7,1.230395300022792,1.2172242000233382,1.2442450000089593,0.018395249993773177,1.2117556,369239728,0
NQZ26/ten_minutes/flow/-,column,7,1.07233549997909,1.058400799985975,1.1507642999640666,0.014398049999726936,1.0482751,307733800,0
NQZ26/ten_minutes/flow/-,duckdb,7,0.3200846999534406,0.3102890999871306,0.32852840004488826,0.009929649997502565,0.007171700010076165,,
NQZ26/ten_minutes/flow/-,pruned,7,0.03781309997430071,0.03698840003926307,0.04845190001651645,0.004859499982558191,0.0218938,5289840,129
NQZ26/ten_minutes/flow/-,row,7,1.288567100011278,1.2798555999761447,1.3100975999841467,0.009405499993590638,1.2724804,369239728,0
NQZ26/ten_minutes/summary/-,column,7,0.64399280003272,0.6330172999878414,0.7269058999954723,0.034500549983931705,0.6222146,184659064,0
NQZ26/ten_minutes/summary/-,duckdb,7,0.31773700000485405,0.29987070005154237,0.3303071000264026,0.018693599966354668,0.005536700016818941,,
NQZ26/ten_minutes/summary/-,pruned,7,0.03125050000380725,0.029022299975622445,0.03236890002153814,0.0013473999861162156,0.0145998,3192688,129
NQZ26/ten_minutes/summary/-,row,7,1.2242496999679133,1.2191975999739952,1.2954012000118382,0.004221550014335662,1.2043833,369239728,0
